氏名,ふりがな,会派,選挙区,当選回数,生年月日,表面,本質,意思決定,隠れ,希望
逢沢 一郎君,あいさわ いちろう,自民,岡山1,13,1954/6/10,ライオン,猿,ライオン,ライオン,ライオン
青柳 仁士君,あおやぎ ひとし,維新,大阪14,2,1978/11/7,たぬき,子守熊,ペガサス,くろひょう,子守熊
青柳 陽一郎君,あおやぎ よういちろう,立憲,神奈川6,5,1969/8/29,子守熊,狼,ゾウ,猿,ひつじ
青山 大人君,あおやま やまと,立憲,茨城6,3,1979/1/24,こじか,ペガサス,子守熊,ゾウ,ゾウ
赤澤 亮正君,あかざわ りょうせい,自民,鳥取2,7,1960/12/18,ゾウ,こじか,ゾウ,狼,チーター
赤羽 一嘉君,あかば かずよし,公明,兵庫2,10,1958/5/7,子守熊,ペガサス,こじか,たぬき,子守熊
あかま 二郎君,あかま じろう,自民,神奈川14,6,1968/3/27,チーター,子守熊,子守熊,虎,虎
赤嶺 政賢君,あかみね せいけん,共産,沖縄1,9,1947/12/18,猿,たぬき,チーター,こじか,ひつじ
阿久津 幸彦君,あくつ ゆきひこ,立憲,東京11,5,1956/6/26,ゾウ,チーター,ペガサス,チーター,ライオン
浅野 哲君,あさの さとし,国民,茨城5,3,1982/9/25,ライオン,チーター,くろひょう,ライオン,くろひょう
東 克哉君,あずま かつや,立憲,（比）中国,1,1981/9/30,ライオン,チーター,ライオン,ライオン,くろひょう
東 国幹君,あずま くによし,自民,北海道6,2,1968/2/17,ゾウ,虎,チーター,こじか,猿
東 徹君,あずま とおる,維新,大阪3,1（参2）,1966/9/16,猿,虎,ゾウ,猿,子守熊
安住 淳君,あずみ じゅん,立憲,宮城4,10,1962/1/17,たぬき,ライオン,たぬき,ひつじ,こじか
麻生 太郎君,あそう たろう,自民,福岡8,15,1940/9/20,ゾウ,猿,くろひょう,狼,猿
阿部 圭史君,あべ けいし,維新,（比）近畿,1,1986/5/26,猿,チーター,ペガサス,ひつじ,虎
阿部 司君,あべ つかさ,維新,（比）東京,2,1982/6/18,狼,猿,くろひょう,たぬき,狼
あべ 俊子君,あべ としこ,自民,（比）九州,7,1959/5/19,ゾウ,こじか,チーター,たぬき,こじか
阿部 知子君,あべ ともこ,立憲,神奈川12,9,1948/4/24,たぬき,子守熊,ペガサス,子守熊,ひつじ
阿部 弘樹君,あべ ひろき,維新,（比）九州,2,1961/12/15,虎,狼,たぬき,ゾウ,ひつじ
阿部 祐美子君,あべ ゆみこ,立憲,（比）東京,1,1964/9/30,チーター,狼,ひつじ,ゾウ,くろひょう
荒井 優君,あらい ゆたか,立憲,北海道3,2,1975/2/28,虎,チーター,ライオン,狼,ライオン
新垣 邦男君,あらかき くにお,立憲,沖縄2,2,1956/6/19,ライオン,虎,チーター,こじか,ライオン
有田 芳生君,ありた よしふ,立憲,（比）東京,1（参2）,1952/2/20,猿,子守熊,くろひょう,虎,こじか
安藤じゅん子君,あんどう じゅんこ,立憲,千葉6,1,,-,-,-,-,-
安藤 たかお君,あんどう たかお,自民,（比）東京,2,1959/4/1,黒ひょう,虎,猿,子守熊,チータ
五十嵐 えり君,いがらし えり,立憲,東京30,1,,-,-,-,-,-
五十嵐 清君,いがらし きよし,自民,（比）北関東,2,1925/5/12,ライオン,子守熊,こじか,虎,ゾウ
池下 卓君,いけした たく,維新,大阪10,2,1975/4/10,くろひょう,ひつじ,チーター,くろひょう,たぬき
池田 真紀君,いけだ まき,立憲,北海道5,2,1972/5/24,ライオン,子守熊,チータ,ひつじ,たぬき
池畑 浩太朗君,いけはた こうたろう,維新,（比）近畿,2,1974/9/26,虎,チーター,ペガサス,ひつじ,こじか
井坂 信彦君,いさか のぶひこ,立憲,兵庫1,4,1974/3/27,子守熊,子守熊,ゾウ,ペガサス,たぬき
石井 智恵君,いしい ともえ,国民,（比）四国,1,1967/11/16,猿,ペガサス,ひつじ,たぬき,チーター
石川 香織君,いしかわ かおり,立憲,北海道11,3,1984/5/10,子守熊,たぬき,チーター,ペガサス,子守熊
石田 真敏君,いしだ まさとし,自民,（比）近畿,9,1952/4/11,たぬき,狼,たぬき,たぬき,虎
石破 茂君,いしば しげる,自民,鳥取1,13,1957/2/4,ゾウ,くろひょう,猿,チーター,猿
石橋 林太郎君,いしばし りんたろう,自民,（比）中国,2,1978/5/2,たぬき,チーター,ゾウ,チーター,くろひょう
石原 宏高君,いしはら ひろたか,自民,東京3,6,1964/6/19,ライオン,狼,たぬき,くろひょう,ゾウ
泉 健太君,いずみ けんた,立憲,京都3,9,1974/7/29,たぬき,たぬき,狼,こじか,ライオン
市來 伴子君,いちき ともこ,立憲,（比）北関東,1,1977/8/2,たぬき,ペガサス,ゾウ,ゾウ,ライオン
市村 浩一郎君,いちむら こういちろう,維新,（比）近畿,5,1964/7/16,たぬき,猿,くろひょう,狼,ペガサス
井出 庸生君,いで ようせい,自民,（比）北陸信越,5,1977/11/21,ライオン,狼,ペガサス,ゾウ,虎
伊藤 俊輔君,いとう しゅんすけ,立憲,東京23,3,1979/8/5,たぬき,ひつじ,ひつじ,ペガサス,虎
伊藤 忠彦君,いとう ただひこ,自民,（比）東海,6,1964/7/11,たぬき,ライオン,ひつじ,チーター,ライオン
伊藤 達也君,いとう たつや,自民,（比）東京,10,1961/7/6,チーター,ゾウ,ひつじ,くろひょう,たぬき
伊東 信久君,いとう のぶひさ,維新,大阪19,4,1964/1/4,虎,虎,ゾウ,チーター,ひつじ
伊東 良孝君,いとう よしたか,自民,（比）北海道,6,1948/11/24,虎,くろひょう,ライオン,子守熊,たぬき
稲田 朋美君,いなだ ともみ,自民,福井1,7,1959/2/20,チーター,子守熊,虎,くろひょう,ひつじ
稲富 修二君,いなとみ しゅうじ,立憲,福岡2,4,1970/8/26,子守熊,猿,ひつじ,猿,虎
井野 俊郎君,いの としろう,自民,群馬2,5,1980/1/8,ひつじ,こじか,くろひょう,狼,くろひょう
井上 信治君,いのうえ しんじ,自民,東京25,8,1969/10/7,ペガサス,ライオン,ペガサス,ひつじ,くろひょう
井上 貴博君,いのうえ たかひろ,自民,福岡1,5,1962/4/2,チータ,ペガサス,狼,ひつじ,ライオン
井上 英孝君,いのうえ ひでたか,維新,大阪1,5,1971/10/25,たぬき,ひつじ,虎,猿,子守熊
猪口 幸子君,いのくち さちこ,維新,（比）東京,1,1956/7/14,こじか,狼,猿,ゾウ,こじか
井林 辰憲君,いばやし たつのり,自民,静岡2,5,1976/7/18,たぬき,たぬき,ひつじ,こじか,ライオン
今井 雅人君,いまい まさと,立憲,岐阜4,5,1962/2/21,ペガサス,ペガサス,ペガサス,猿,狼
今枝 宗一郎君,いまえだ そういちろう,自民,愛知14,5,1984/2/18,子守熊,狼,虎,ゾウ,チーター
岩田 和親君,いわた かずちか,自民,（比）九州,5,1973/9/20,猿,くろひょう,ひつじ,狼,ライオン
岩谷 良平君,いわたに りょうへい,維新,大阪13,2,1980/6/7,子守熊,チーター,虎,ライオン,虎
岩屋 毅君,いわや たけし,自民,大分3,10,1957/8/24,黒ひょう,ゾウ,子守熊,狼,虎
上田 英俊君,うえだ えいしゅん,自民,富山2,2,1965/1/22,こじか,狼,くろひょう,猿,ライオン
上野 賢一郎君,うえの けんいちろう,自民,滋賀2,6,1965/8/3,くろひょう,ひつじ,虎,虎,子守熊
上村 英明君,うえむら ひであき,れ新,（比）東海,1,1956/12/15,狼,くろひょう,子守熊,ひつじ,くろひょう
浮島 智子君,うきしま ともこ,公明,（比）近畿,5（参1）,1963/2/1,たぬき,ゾウ,虎,虎,こじか
臼木 秀剛君,うすき ひでたけ,国民,（比）北海道,1,1981/3/28,ライオン,チーター,ペガサス,狼,狼
梅谷 守君,うめたに まもる,立憲,新潟5,2,1973/12/9,ペガサス,子守熊,ひつじ,子守熊,チーター
梅村 聡君,うめむら さとし,維新,大阪5,1（参2）,1975/2/13,ペガサス,ペガサス,狼,猿,狼
浦野 靖人君,うらの やすと,維新,大阪15,5,1973/4/4,狼,チーター,ひつじ,ひつじ,ライオン
うるま 譲司君,うるま じょうじ,維新,大阪8,2,1974/9/14,虎,猿,ゾウ,ひつじ,子守熊
江田 憲司君,えだ けんじ,立憲,神奈川8,8,1956/4/28,くろひょう,たぬき,狼,子守熊,ペガサス
枝野 幸男君,えだの ゆきお,立憲,埼玉5,11,1964/5/31,猿,こじか,こじか,狼,虎
江渡 聡徳君,えと あきのり,自民,（比）東北,9,1955/10/12,ひつじ,虎,たぬき,子守熊,チーター
江藤 拓君,えとう たく,自民,宮崎2,8,1960/7/1,チーター,ペガサス,ゾウ,猿,たぬき
英利アルフィヤ君,えり あるふぃや,自民,（比）南関東,2,1988/10/16,こじか,たぬき,たぬき,ペガサス,ひつじ
遠藤 敬君,えんどう たかし,維新,大阪18,5,1968/6/6,ライオン,くろひょう,チーター,チーター,ライオン
遠藤 利明君,えんどう としあき,自民,山形1,10,1950/1/17,たぬき,虎,たぬき,チーター,ゾウ
大石 あきこ君,おおいし あきこ,れ新,（比）近畿,2,1977/5/27,子守熊,ペガサス,子守熊,たぬき,子守熊
大岡 敏孝君,おおおか としたか,自民,（比）近畿,5,1972/4/16,たぬき,ひつじ,ペガサス,ゾウ,虎
大河原まさこ君,おおかわら まさこ,立憲,東京21,3（参1）,1953/4/8,ひつじ,虎,たぬき,虎,ひつじ
大串 博志君,おおぐし ひろし,立憲,佐賀2,7,1965/8/31,チーター,虎,虎,こじか,チーター
大串 正樹君,おおぐし まさき,自民,（比）近畿,5,1966/1/20,ひつじ,子守熊,虎,子守熊,くろひょう
逢坂 誠二君,おおさか せいじ,立憲,北海道8,6,1959/4/24,くろひょう,狼,ペガサス,猿,たぬき
大島 敦君,おおしま あつし,立憲,埼玉6,9,1956/12/21,虎,くろひょう,猿,ライオン,ひつじ
大空 幸星君,おおぞら こうき,自民,（比）東京,1,1998/11/26,狼,ひつじ,ゾウ,ゾウ,こじか
おおたけりえ君,おおたけ りえ,立憲,（比）東海,1,,-,-,-,-,-
大塚 小百合君,おおつか さゆり,立憲,神奈川20,1,1980/1/16,こじか,狼,たぬき,くろひょう,こじか
おおつき紅葉君,おおつき くれは,立憲,北海道4,2,1983/10/16,こじか,ひつじ,狼,ゾウ,狼
大西 健介君,おおにし けんすけ,立憲,愛知13,6,1971/4/13,くろひょう,くろひょう,ペガサス,狼,チーター
大西 洋平君,おおにし ようへい,自民,東京16,1,1978/1/12,こじか,子守熊,黒ひょう,ライオン,狼
大野 敬太郎君,おおの けいたろう,自民,香川3,5,1968/11/1,ひつじ,ゾウ,狼,虎,チーター
大森 江里子君,おおもり えりこ,公明,（比）東京,1,1973/5/16,ペガサス,虎,たぬき,チーター,ライオン
岡島 一正君,おかじま かずまさ,立憲,（比）南関東,4,1957/11/3,こじか,子守熊,猿,子守熊,狼
岡田 克也君,おかだ かつや,立憲,三重3,12,1953/7/14,たぬき,猿,ライオン,狼,ペガサス
岡田 悟君,おかだ さとる,立憲,（比）近畿,1,1984/1/21,くろひょう,ライオン,猿,こじか,狼
岡田 華子君,おかだ はなこ,立憲,青森3,1,1980/8/2,くろひょう,くろひょう,チーター,チーター,くろひょう
緒方 林太郎君,おがた りんたろう,有志,福岡9,4,1973/1/8,くろひょう,たぬき,チーター,ペガサス,狼
岡野 純子君,おかの じゅんこ,国民,（比）南関東,1,1978/6/10,ペガサス,猿,ペガサス,ひつじ,こじか
岡本 あき子君,おかもと あきこ,立憲,宮城1,3,1964/8/16,チーター,猿,たぬき,ライオン,チーター
岡本 三成君,おかもと みつなり,公明,東京29,5,1965/5/5,たぬき,くろひょう,虎,狼,ひつじ
岡本 充功君,おかもと みつのり,立憲,愛知9,6,1971/6/18,ゾウ,こじか,猿,ライオン,ライオン
小川 淳也君,おがわ じゅんや,立憲,香川1,7,1971/4/18,こじか,子守熊,虎,くろひょう,猿
奥下 剛光君,おくした たけみつ,維新,大阪7,2,1975/10/4,子守熊,ひつじ,猿,猿,ゾウ
奥野 総一郎君,おくの そういちろう,立憲,千葉9,6,1964/7/15,こじか,たぬき,くろひょう,子守熊,ゾウ
小熊 慎司君,おぐま しんじ,立憲,福島3,5（参1）,1968/6/16,ライオン,虎,チーター,こじか,ライオン
尾崎 正直君,おざき まさなお,自民,高知2,2,1967/9/14,ライオン,ゾウ,たぬき,ペガサス,くろひょう
小沢 一郎君,おざわ いちろう,立憲,岩手3,19,1942/5/24,虎,ひつじ,ライオン,ゾウ,ひつじ
小竹 凱君,おだけ かい,国民,（比）北陸信越,1,1998/5/17,子守熊,チーター,ライオン,チーター,子守熊
落合 貴之君,おちあい たかゆき,立憲,東京6,4,1979/8/17,子守熊,くろひょう,たぬき,ひつじ,ひつじ
尾辻 かな子君,おつじ かなこ,立憲,（比）近畿,2（参1）,1974/12/16,猿,ペガサス,狼,ゾウ,ひつじ
鬼木 誠君,おにき まこと,自民,（比）九州,5,1972/10/16,こじか,ゾウ,たぬき,狼,猿
小野寺 五典君,おのでら いつのり,自民,宮城5,9,1960/5/5,狼,狼,ライオン,狼,虎
小渕 優子君,おぶち ゆうこ,自民,群馬5,9,1973/12/11,猿,ゾウ,こじか,ペガサス,ひつじ
海江田 万里君,かいえだ ばんり,立憲,東京1,9,1949/2/26,ゾウ,狼,ひつじ,たぬき,猿
河西 宏一君,かさい こういち,公明,（比）東京,2,1979/6/25,ペガサス,虎,ひつじ,虎,こじか
梶山 弘志君,かじやま ひろし,自民,茨城4,9,1955/10/18,くろひょう,虎,こじか,チーター,たぬき
勝俣 孝明君,かつまた たかあき,自民,（比）東海,5,1976/4/7,たぬき,ひつじ,たぬき,虎,ひつじ
勝目 康君,かつめ やすし,自民,京都1,2,1974/5/17,ライオン,虎,猿,ひつじ,たぬき
加藤 鮎子君,かとう あゆこ,自民,山形3,4,1979/4/19,黒ひょう,たぬき,黒ひょう,ひつじ,たぬき
加藤 勝信君,かとう かつのぶ,自民,岡山3,8,1955/11/22,狼,狼,くろひょう,たぬき,こじか
加藤 竜祥君,かとう りゅうしょう,自民,長崎2,2,1980/2/10,チーター,くろひょう,ゾウ,子守熊,ひつじ
金子 恵美君,かねこ えみ,立憲,福島1,4（参1）,1965/7/7,黒ひょう,ペガサス,こじか,ライオン,こじか
金子 恭之君,かねこ やすし,自民,熊本4,9,1961/2/27,狼,ペガサス,こじか,ゾウ,チーター
金子 容三君,かねこ ようぞう,自民,長崎3,2,1983/2/1,ひつじ,ライオン,たぬき,子守熊,くろひょう
金村 龍那君,かねむら りゅうな,維新,（比）南関東,2,1979/4/6,こじか,猿,ひつじ,ひつじ,猿
鎌田 さゆり君,かまた さゆり,立憲,宮城2,4,1965/1/8,たぬき,くろひょう,ひつじ,ライオン,ゾウ
上川 陽子君,かみかわ ようこ,自民,静岡1,8,1953/3/1,狼,チーター,ゾウ,ライオン,チーター
神谷 裕君,かみや ひろし,立憲,北海道10,3,1968/8/10,猿,虎,猿,チーター,猿
亀井 亜紀子君,かめい あきこ,立憲,島根1,3（参1）,1965/5/14,黒ひょう,ライオン,ライオン,狼,たぬき
川内 博史君,かわうち ひろし,立憲,鹿児島1,8,1961/11/2,こじか,狼,ひつじ,くろひょう,狼
川崎 ひでと君,かわさき ひでと,自民,（比）東海,2,1981/11/4,ひつじ,ひつじ,ゾウ,くろひょう,チーター
川原田 英世君,かわはらだ えいせい,立憲,（比）北海道,1,1983/1/12,ひつじ,ゾウ,たぬき,くろひょう,くろひょう
河村 たかし君,かわむら たかし,保守,愛知1,6,1948/11/3,くろひょう,ひつじ,虎,ペガサス,たぬき
神田 潤一君,かんだ じゅんいち,自民,青森2,2,1970/9/27,虎,たぬき,たぬき,虎,こじか
城井 崇君,きい たかし,立憲,福岡10,5,1973/6/23,チーター,ペガサス,ひつじ,猿,たぬき
城内 実君,きうち みのる,自民,静岡7,7,1965/4/19,こじか,猿,狼,ひつじ,猿
黄川田 仁志君,きかわだ ひとし,自民,埼玉3,5,1970/10/13,ひつじ,猿,ひつじ,狼,チーター
菊田 真紀子君,きくた まきこ,立憲,新潟2,8,1969/10/24,くろひょう,猿,チーター,たぬき,たぬき
菊池 大二郎君,きくち だいじろう,国民,（比）東北,1,1982/7/9,ひつじ,狼,たぬき,狼,狼
岸 信千世君,きし のぶちよ,自民,山口2,2,1991/5/16,ライオン,ひつじ,たぬき,くろひょう,ゾウ
岸田 文雄君,きしだ ふみお,自民,広島1,11,1957/7/29,子守熊,チータ,こじか,こじか,こじか
岸田 光広君,きしだ みつひろ,国民,（比）北関東,1,1967/2/26,狼,ライオン,たぬき,チーター,チーター
北神 圭朗君,きたがみ けいろう,有志,京都4,5,1967/2/1,こじか,子守熊,虎,虎,ライオン
北野 裕子君,きたの ゆうこ,参政,（比）近畿,1,1985/9/19,ライオン,ライオン,こじか,チーター,くろひょう
木原 誠二君,きはら せいじ,自民,東京20,6,1970/6/8,ライオン,くろひょう,こじか,狼,ゾウ
木原 稔君,きはら みのる,自民,熊本1,6,1969/8/12,チーター,くろひょう,猿,狼,たぬき
吉良 州司君,きら しゅうじ,有志,大分1,7,1958/3/16,ゾウ,ひつじ,くろひょう,ペガサス,子守熊
金城 泰邦君,きんじょう やすくに,公明,（比）九州,2,1969/7/16,こじか,ひつじ,チーター,ペガサス,こじか
草間 剛君,くさま つよし,自民,神奈川19,1,1982/1/16,ひつじ,狼,猿,くろひょう,くろひょう
櫛渕 万里君,くしぶち まり,れ新,（比）東京,3,1967/10/15,くろひょう,虎,こじか,チーター,たぬき
工藤 彰三君,くどう しょうぞう,自民,（比）東海,5,1964/12/8,猿,ペガサス,ひつじ,ゾウ,ひつじ
国定 勇人君,くにさだ いさと,自民,（比）北陸信越,2,1972/8/30,ゾウ,狼,ライオン,狼,ペガサス
国光 あやの君,くにみつ あやの,自民,（比）北関東,3,1979/3/20,ひつじ,たぬき,チータ,黒ひょう,虎
栗原 渉君,くりはら わたる,自民,福岡5,1,1965/9/27,狼,ペガサス,子守熊,たぬき,ゾウ
黒岩 宇洋君,くろいわ たかひろ,立憲,新潟3,4（参1）,1966/10/13,ひつじ,チーター,猿,狼,チーター
黒田 征樹君,くろだ まさき,維新,大阪16,1,1979/12/20,猿,ライオン,たぬき,チーター,ひつじ
玄葉 光一郎君,げんば こういちろう,無,福島2,11,1964/5/20,虎,虎,たぬき,ひつじ,猿
源馬 謙太郎君,げんま けんたろう,立憲,静岡8,3,1972/12/21,狼,ひつじ,狼,くろひょう,くろひょう
小池 正昭君,こいけ まさあき,自民,千葉10,1,1966/9/18,虎,こじか,チーター,狼,こじか
小泉 進次郎君,こいずみ しんじろう,自民,神奈川11,6,1981/4/14,ひつじ,くろひょう,チーター,ライオン,ペガサス
小泉 龍司君,こいずみ りゅうじ,自民,埼玉11,8,1952/9/17,ゾウ,猿,くろひょう,狼,猿
神津 たけし君,こうづ たけし,立憲,長野3,2,1977/1/21,こじか,猿,くろひょう,猿,こじか
河野 太郎君,こうの たろう,自民,神奈川15,10,1963/1/10,くろひょう,くろひょう,チーター,子守熊,くろひょう
高村 正大君,こうむら まさひろ,自民,山口1,3,1970/11/14,ペガサス,ひつじ,ひつじ,虎,ひつじ
古賀 篤君,こが あつし,自民,福岡3,5,1972/7/14,たぬき,虎,狼,子守熊,ペガサス
國場 幸之助君,こくば こうのすけ,自民,（比）九州,5,1973/1/10,こじか,虎,狼,子守熊,ライオン
輿水 恵一君,こしみず けいいち,公明,（比）北関東,4,1962/2/4,チーター,子守熊,チーター,くろひょう,ひつじ
小寺 裕雄君,こてら ひろお,自民,（比）近畿,3,1960/9/18,猿,猿,ペガサス,猿,ライオン
後藤 茂之君,ごとう しげゆき,自民,長野4,8,1955/12/9,チーター,たぬき,ひつじ,ペガサス,ペガサス
後藤 祐一君,ごとう ゆういち,立憲,神奈川16,6,1969/3/25,子守熊,狼,猿,くろひょう,こじか
許斐 亮太郎君,このみ りょうたろう,国民,（比）九州,1,1974/2/7,ゾウ,子守熊,ゾウ,子守熊,虎
小林 茂樹君,こばやし しげき,自民,（比）近畿,4,1964/10/9,くろひょう,ペガサス,ひつじ,ゾウ,ペガサス
小林 鷹之君,こばやし たかゆき,自民,千葉2,5,1974/11/29,猿,こじか,ライオン,ライオン,チーター
小林 史明君,こばやし ふみあき,自民,広島6,5,1983/4/8,くろひょう,猿,ペガサス,狼,たぬき
小宮山 泰子君,こみやま やすこ,立憲,埼玉7,8,1965/4/25,たぬき,猿,虎,猿,ひつじ
小森 卓郎君,こもり たくお,自民,石川1,2,1970/5/21,ゾウ,こじか,くろひょう,たぬき,こじか
小山 千帆君,こやま ちほ,立憲,（比）東海,1,1975/4/14,こじか,ペガサス,狼,猿,子守熊
小山 展弘君,こやま のぶひろ,立憲,静岡3,4,1975/12/26,狼,虎,チーター,子守熊,くろひょう
近藤 和也君,こんどう かずや,立憲,石川3,4,1973/12/12,虎,狼,たぬき,ゾウ,ひつじ
近藤 昭一君,こんどう しょういち,立憲,愛知3,10,1958/5/26,狼,猿,たぬき,ひつじ,虎
斉木 武志君,さいき たけし,維新,（比）北陸信越,3,1974/5/13,子守熊,ライオン,ライオン,こじか,子守熊
斎藤アレックス君,さいとう あれっくす,維新,滋賀1,2,1985/6/30,チーター,ゾウ,ひつじ,くろひょう,たぬき
齋藤 健君,さいとう けん,自民,千葉7,6,1959/6/14,ライオン,子守熊,狼,ペガサス,ライオン
斉藤 鉄夫君,さいとう てつお,公明,広島3,11,1952/2/5,狼,ゾウ,ひつじ,ペガサス,チーター
斎藤 洋明君,さいとう ひろあき,自民,（比）北陸信越,5,1976/12/8,チーター,ゾウ,たぬき,ゾウ,ペガサス
齋藤 裕喜君,さいとう ゆうき,立憲,（比）東北,1,1979/9/4,ペガサス,こじか,ひつじ,ライオン,たぬき
酒井 なつみ君,さかい なつみ,立憲,東京15,2,,-,-,-,-,-
坂井 学君,さかい まなぶ,自民,神奈川5,6,1965/9/4,虎,ライオン,ゾウ,チーター,猿
阪口 直人君,さかぐち なおと,れ新,（比）東海,3,1963/6/12,虎,ひつじ,チーター,くろひょう,子守熊
坂本 哲志君,さかもと てつし,自民,熊本3,8,1950/11/6,ひつじ,チーター,虎,狼,チーター
坂本 祐之輔君,さかもと ゆうのすけ,立憲,埼玉10,4,1955/1/30,こじか,ペガサス,子守熊,ゾウ,ゾウ
坂本 竜太郎君,さかもと りゅうたろう,自民,福島4,1,1980/3/28,狼,ゾウ,ライオン,くろひょう,ライオン
櫻井 周君,さくらい しゅう,立憲,兵庫6,3,1970/8/16,子守熊,くろひょう,ひつじ,狼,虎
笹川 博義君,ささがわ ひろよし,自民,群馬3,5,1966/8/29,ライオン,ライオン,チーター,子守熊,ペガサス
佐々木ナオミ君,ささき なおみ,立憲,（比）南関東,1,,-,-,-,-,-
佐々木 紀君,ささき はじめ,自民,石川2,5,1974/10/18,くろひょう,ひつじ,子守熊,ペガサス,たぬき
佐藤 公治君,さとう こうじ,立憲,広島5,5（参1）,1959/7/28,たぬき,チーター,チーター,ライオン,ライオン
佐藤 勉君,さとう つとむ,自民,（比）北関東,10,1952/6/20,ライオン,猿,たぬき,ライオン,ライオン
佐藤 英道君,さとう ひでみち,公明,（比）北海道,5,1960/9/26,猿,虎,ペガサス,こじか,ペガサス
佐原 若子君,さわら わかこ,れ新,（比）東北,1,1953/11/22,狼,ひつじ,虎,ゾウ,こじか
志位 和夫君,しい かずお,共産,（比）南関東,11,1954/7/29,たぬき,ひつじ,虎,くろひょう,ペガサス
塩川 鉄也君,しおかわ てつや,共産,（比）北関東,9,1961/12/18,子守熊,ペガサス,たぬき,くろひょう,猿
塩崎 彰久君,しおざき あきひさ,自民,愛媛1,2,1976/9/9,狼,チーター,たぬき,チーター,ゾウ
重徳 和彦君,しげとく かずひこ,立憲,愛知12,5,1970/12/21,子守熊,ゾウ,ひつじ,虎,猿
階 猛君,しな たけし,立憲,岩手1,7,1966/10/7,猿,狼,ライオン,くろひょう,ライオン
篠田 奈保子君,しのだ なおこ,立憲,（比）北海道,1,1972/2/5,猿,猿,狼,狼,こじか
篠原 豪君,しのはら ごう,立憲,神奈川1,4,1975/2/12,ゾウ,ひつじ,子守熊,虎,虎
篠原 孝君,しのはら たかし,立憲,長野1,8,1948/7/17,ひつじ,猿,ライオン,ひつじ,狼
柴田 勝之君,しばた かつゆき,立憲,（比）東京,1,1968/10/24,こじか,子守熊,チーター,ペガサス,狼
柴山 昌彦君,しばやま まさひこ,自民,埼玉8,8,1965/12/5,虎,狼,狼,狼,たぬき
島尻 安伊子君,しまじり あいこ,自民,沖縄3,2（参2）,1965/3/4,ゾウ,虎,虎,こじか,猿
島田 智明君,しまだ ともあき,自民,（比）近畿,1,1969/12/2,チーター,チーター,ライオン,ライオン,狼
島田 洋一君,しまだ よういち,保守,（比）近畿,1,1957/10/23,ひつじ,くろひょう,ゾウ,狼,ゾウ
下条 みつ君,しもじょう みつ,立憲,長野2,6,1955/12/29,チーター,チーター,ひつじ,チーター,ペガサス
下野 幸助君,しもの こうすけ,立憲,三重2,1,1976/11/7,虎,虎,こじか,虎,たぬき
庄子 賢一君,しょうじ けんいち,公明,（比）東北,2,1963/2/8,子守熊,狼,ゾウ,ゾウ,チーター
白石 洋一君,しらいし よういち,立憲,愛媛2,4,1963/6/25,ライオン,狼,子守熊,くろひょう,ゾウ
新谷 正義君,しんたに まさよし,自民,（比）中国,5,1975/3/8,猿,くろひょう,猿,子守熊,チーター
新藤 義孝君,しんどう よしたか,自民,埼玉2,9,1958/1/20,ひつじ,猿,猿,ライオン,子守熊
末松 義規君,すえまつ よしのり,立憲,東京19,8,1956/12/5,ペガサス,虎,子守熊,子守熊,狼
菅 義偉君,すが よしひで,自民,神奈川2,10,1948/12/6,ゾウ,たぬき,子守熊,子守熊,子守熊
杉村 慎治君,すぎむら しんじ,立憲,埼玉9,1,1976/6/15,虎,ひつじ,くろひょう,虎,くろひょう
杉本 和巳君,すぎもと かずみ,維新,（比）東海,5,1960/9/17,ゾウ,子守熊,狼,子守熊,子守熊
鈴木 敦君,すずき あつし,参政,（比）南関東,2,1988/12/15,チーター,たぬき,たぬき,ペガサス,ペガサス
鈴木 英敬君,すずき えいけい,自民,三重4,2,1974/8/15,子守熊,狼,猿,くろひょう,虎
鈴木 馨祐君,すずき けいすけ,自民,（比）南関東,6,1977/2/9,ゾウ,猿,虎,ライオン,猿
鈴木 俊一君,すずき しゅんいち,自民,岩手2,11,1953/4/13,ゾウ,子守熊,たぬき,ゾウ,黒ひょう
鈴木 貴子君,すずき たかこ,自民,北海道7,5,1986/1/5,猿,ひつじ,ペガサス,猿,チータ
鈴木 岳幸君,すずき たけゆき,立憲,（比）東海,1,1973/5/7,狼,猿,くろひょう,ひつじ,虎
鈴木 憲和君,すずき のりかず,自民,山形2,5,1982/1/30,くろひょう,くろひょう,子守熊,子守熊,くろひょう
鈴木 隼人君,すずき はやと,自民,東京10,4,1977/8/8,-,-,-,-,-
鈴木 庸介君,すずき ようすけ,立憲,（比）東京,2,1975/11/21,チーター,たぬき,ペガサス,こじか,狼
鈴木 義弘君,すずき よしひろ,国民,埼玉14,4,1962/11/10,ライオン,虎,子守熊,チーター,虎
関 芳弘君,せき よしひろ,自民,兵庫3,6,1965/6/7,狼,ひつじ,ペガサス,ペガサス,狼
世耕 弘成君,せこう ひろしげ,自民,和歌山2,1（参5）,1962/11/9,チーター,チーター,狼,ライオン,狼
瀬戸 隆一君,せと たかかず,自民,（比）四国,4,1965/8/2,たぬき,狼,ライオン,くろひょう,ライオン
仙田 晃宏君,せんだ あきひろ,国民,（比）東海,1,1982/10/11,こじか,子守熊,こじか,ペガサス,狼
宗野 創君,そうの はじめ,立憲,神奈川18,1,1993/1/5,こじか,ひつじ,子守熊,くろひょう,ライオン
空本 誠喜君,そらもと せいき,維新,広島4,3,1964/3/11,子守熊,くろひょう,たぬき,狼,こじか
平 将明君,たいら まさあき,自民,東京4,7,1967/2/21,猿,くろひょう,たぬき,ひつじ,こじか
高井 崇志君,たかい たかし,れ新,（比）北関東,4,1969/9/26,狼,たぬき,狼,ペガサス,ゾウ
高市 早苗君,たかいち さなえ,自民,奈良2,10,1961/3/7,子守熊,狼,ひつじ,くろひょう,こじか
高木 啓君,たかぎ けい,自民,東京12,3,1965/3/16,子守熊,虎,虎,ひつじ,こじか
高橋 永君,たかはし えい,立憲,（比）四国,1,1975/8/30,子守熊,子守熊,チーター,子守熊,虎
高橋 英明君,たかはし ひであき,維新,（比）北関東,2,1983/8/24,ペガサス,ペガサス,猿,たぬき,たぬき
高松 智之君,たかまつ さとし,立憲,東京28,1,1974/7/26,たぬき,くろひょう,猿,狼,ライオン
高見 康裕君,たかみ やすひろ,自民,島根2,2,1980/10/16,くろひょう,くろひょう,猿,ライオン,たぬき
たがや 亮君,たがや りょう,れ新,（比）南関東,2,1968/11/25,狼,狼,チーター,くろひょう,ペガサス
竹内 千春君,たけうち ちはる,立憲,（比）北関東,1,1968/7/4,猿,ゾウ,狼,虎,ひつじ
竹内 譲君,たけうち ゆずる,公明,（比）近畿,7,1958/6/25,ペガサス,子守熊,たぬき,くろひょう,こじか
竹上 裕子君,たけがみ ゆうこ,保守,（比）東海,1,1960/3/6,猿,狼,ライオン,狼,チーター
武部 新君,たけべ あらた,自民,北海道12,5,1970/7/20,たぬき,こじか,くろひょう,たぬき,ライオン
武正 公一君,たけまさ こういち,立憲,（比）北関東,7,1961/3/23,ライオン,ライオン,たぬき,ひつじ,狼
武村 展英君,たけむら のぶひで,自民,滋賀3,5,1972/1/21,こじか,チーター,チーター,ライオン,ゾウ
田嶋 要君,たじま かなめ,立憲,千葉1,8,1961/9/22,ゾウ,虎,こじか,ひつじ,子守熊
橘 慶一郎君,たちばな けいいちろう,自民,富山3,6,1961/1/23,こじか,くろひょう,狼,ひつじ,ライオン
辰巳 孝太郎君,たつみ こうたろう,共産,（比）近畿,1（参1）,1976/8/21,狼,チーター,くろひょう,狼,虎
田所 嘉徳君,たどころ よしのり,自民,（比）北関東,5,1954/1/19,たぬき,ゾウ,チーター,虎,こじか
田中 和徳君,たなか かずのり,自民,神奈川10,10,1949/1/21,こじか,チーター,猿,ライオン,ゾウ
田中 健君,たなか けん,国民,静岡4,2,1977/7/18,猿,虎,チータ,ライオン,チータ
田中 良生君,たなか りょうせい,自民,埼玉15,6,1963/11/11,ペガサス,虎,チーター,ひつじ,ひつじ
棚橋 泰文君,たなはし やすふみ,自民,岐阜2,10,1963/2/11,虎,ペガサス,ライオン,くろひょう,ライオン
谷 公一君,たに こういち,自民,兵庫5,8,1952/1/28,くろひょう,子守熊,猿,くろひょう,くろひょう
田野瀬 太道君,たのせ たいどう,自民,奈良3,5,1974/7/4,虎,虎,猿,子守熊,子守熊
田畑 裕明君,たばた ひろあき,自民,富山1,5,1973/1/2,狼,ひつじ,狼,虎,狼
玉木 雄一郎君,たまき ゆういちろう,国民,香川2,6,1969/5/1,狼,ゾウ,黒ひょう,猿,たぬき
田村 貴昭君,たむら たかあき,共産,（比）九州,4,1961/4/30,こじか,狼,くろひょう,狼,猿
田村 智子君,たむら ともこ,共産,（比）東京,1（参3）,1965/7/4,ライオン,くろひょう,虎,狼,ゾウ
田村 憲久君,たむら のりひさ,自民,三重1,10,1964/12/15,狼,ひつじ,くろひょう,虎,狼
丹野 みどり君,たんの みどり,国民,愛知11,1,1973/7/3,チーター,ゾウ,ひつじ,くろひょう,たぬき
辻 清人君,つじ きよと,自民,東京2,5,1979/9/7,チーター,ひつじ,くろひょう,ゾウ,チーター
辻 英之君,つじ ひでゆき,立憲,福井2,1,1970/5/8,ライオン,狼,ひつじ,くろひょう,たぬき
津島 淳君,つしま じゅん,自民,青森1,5,1966/10/18,たぬき,たぬき,チーター,虎,猿
土田 慎君,つちだ しん,自民,東京13,2,1990/10/30,ひつじ,くろひょう,虎,狼,ゾウ
土屋 品子君,つちや しなこ,自民,埼玉16,9,1952/2/9,虎,ペガサス,くろひょう,くろひょう,ライオン
堤 かなめ君,つつみ かなめ,立憲,（比）九州,2,1960/10/27,ひつじ,狼,狼,くろひょう,ゾウ
角田 秀穂君,つのだ ひでお,公明,（比）南関東,3,1961/3/25,子守熊,虎,ひつじ,こじか,たぬき
津村 啓介君,つむら けいすけ,立憲,（比）中国,7,1971/10/27,ひつじ,ペガサス,ゾウ,くろひょう,チーター
手塚 仁雄君,てづか よしお,立憲,東京5,6,1966/9/14,ゾウ,狼,虎,猿,猿
寺田 学君,てらた まなぶ,立憲,（比）東北,7,1976/9/20,ペガサス,ゾウ,くろひょう,虎,くろひょう
寺田 稔君,てらだ みのる,自民,（比）中国,7,1958/1/24,こじか,こじか,ライオン,たぬき,ゾウ
渡海 紀三朗君,とかい きさぶろう,自民,兵庫10,11,1948/2/11,猿,猿,狼,狼,こじか
冨樫 博之君,とがし ひろゆき,自民,秋田1,5,1955/4/27,くろひょう,虎,たぬき,ひつじ,チーター
徳安 淳子君,とくやす じゅんこ,維新,（比）近畿,1,1962/1/15,くろひょう,くろひょう,くろひょう,子守熊,くろひょう
永岡 桂子君,ながおか けいこ,自民,（比）北関東,7,1953/12/8,ライオン,狼,狼,狼,ライオン
中川 宏昌君,なかがわ ひろまさ,公明,（比）北陸信越,2,1970/7/15,たぬき,子守熊,ひつじ,虎,ペガサス
中川 康洋君,なかがわ やすひろ,公明,（比）東海,3,1968/2/12,子守熊,虎,猿,チーター,チーター
長坂 康正君,ながさか やすまさ,自民,（比）東海,5,1957/4/10,ひつじ,虎,チーター,チーター,ペガサス
中島 克仁君,なかじま かつひと,立憲,山梨1,5,1967/9/27,狼,ゾウ,ひつじ,ゾウ,ゾウ
長島 昭久君,ながしま あきひさ,自民,（比）東京,8,1962/2/17,猿,ひつじ,猿,くろひょう,こじか
中曽根 康隆君,なかそね やすたか,自民,群馬1,3,1982/1/19,たぬき,子守熊,チーター,こじか,ゾウ
中谷 一馬君,なかたに かずま,立憲,神奈川7,3,1983/8/30,ライオン,ペガサス,子守熊,猿,ペガサス
中谷 元君,なかたに げん,自民,高知1,12,1957/10/14,こじか,くろひょう,猿,狼,狼
中谷 真一君,なかたに しんいち,自民,（比）南関東,5,1976/9/30,ペガサス,ペガサス,くろひょう,くろひょう,くろひょう
中司 宏君,なかつか ひろし,維新,大阪11,2,1956/3/11,子守熊,ひつじ,チーター,ゾウ,たぬき
長妻 昭君,ながつま あきら,立憲,東京27,9,1960/6/14,ペガサス,子守熊,ライオン,くろひょう,こじか
長友 慎治君,ながとも しんじ,国民,（比）九州,2,1977/6/22,チーター,たぬき,猿,虎,たぬき
長友よしひろ君,ながとも よしひろ,立憲,（比）南関東,1,,-,-,-,-,-
中西 健治君,なかにし けんじ,自民,神奈川3,2（参2）,1964/1/4,虎,虎,ゾウ,チーター,ひつじ
中野 英幸君,なかの ひでゆき,自民,（比）北関東,2,1961/9/6,猿,子守熊,たぬき,こじか,猿
中野 洋昌君,なかの ひろまさ,公明,兵庫8,5,1978/1/4,狼,猿,ライオン,狼,くろひょう
中村 はやと君,なかむら はやと,無,茨城7,1,,-,-,-,-,-
中村 裕之君,なかむら ひろゆき,自民,（比）北海道,5,1961/2/23,ゾウ,狼,ひつじ,たぬき,猿
仁木 博文君,にき ひろぶみ,自民,徳島1,3,1966/5/23,ペガサス,狼,狼,ゾウ,ライオン
西岡 秀子君,にしおか ひでこ,国民,長崎1,3,1964/3/15,猿,虎,こじか,虎,チーター
西岡 義高君,にしおか よしたか,国民,（比）南関東,1,1977/5/4,ひつじ,ライオン,ゾウ,チーター,たぬき
西川 厚志君,にしかわ あつし,立憲,愛知5,1,1969/5/20,チーター,こじか,ペガサス,猿,たぬき
西川 将人君,にしかわ まさひと,立憲,（比）北海道,1,1968/11/7,チーター,ゾウ,虎,ペガサス,狼
西園 勝秀君,にしぞの かつひで,公明,（比）東海,1,1968/2/1,こじか,こじか,たぬき,たぬき,ゾウ
西田 薫君,にしだ かおる,維新,大阪6,1,1967/4/30,たぬき,チーター,ひつじ,チーター,くろひょう
西田 昭二君,にしだ しょうじ,自民,（比）北陸信越,3,1969/5/1,くろひょう,狼,ゾウ,猿,たぬき
西野 太亮君,にしの だいすけ,自民,熊本2,2,1978/9/22,猿,狼,ライオン,たぬき,ペガサス
西村 智奈美君,にしむら ちなみ,立憲,新潟1,7,1967/1/13,ひつじ,ひつじ,ライオン,ゾウ,子守熊
西村 康稔君,にしむら やすとし,自民,兵庫9,8,1962/10/15,ひつじ,ひつじ,猿,くろひょう,チーター
西銘 恒三郎君,にしめ こうさぶろう,自民,沖縄4,7,1954/8/7,こじか,こじか,猿,猿,ゾウ
丹羽 秀樹君,にわ ひでき,自民,愛知6,7,1972/12/20,子守熊,ペガサス,子守熊,くろひょう,猿
額賀 福志郎君,ぬかが ふくしろう,無,茨城2,14,1944/1/11,くろひょう,こじか,ひつじ,ライオン,狼
沼崎 満子君,ぬまざき みつこ,公明,（比）南関東,1,1973/2/24,狼,ペガサス,こじか,ゾウ,チーター
根本 拓君,ねもと たく,自民,（比）東北,1,1986/9/11,ゾウ,虎,猿,ひつじ,子守熊
根本 幸典君,ねもと ゆきのり,自民,愛知15,5,1965/2/21,猿,虎,ライオン,子守熊,こじか
野田 聖子君,のだ せいこ,自民,岐阜1,11,1960/9/3,ペガサス,ゾウ,チーター,ゾウ,たぬき
野田 佳彦君,のだ よしひこ,立憲,千葉14,10,1957/5/20,ペガサス,ひつじ,チーター,ペガサス,ライオン
野中 厚君,のなか あつし,自民,（比）北関東,5,1976/11/17,虎,子守熊,こじか,くろひょう,たぬき
野間 健君,のま たけし,立憲,鹿児島3,4,1958/10/8,ゾウ,虎,ひつじ,ひつじ,子守熊
萩生田 光一君,はぎうだ こういち,自民,東京24,7,1963/8/31,子守熊,虎,チーター,子守熊,ひつじ
萩原 佳君,はぎはら けい,維新,大阪9,1,1977/7/27,こじか,ペガサス,チーター,くろひょう,ゾウ
橋本 慧悟君,はしもと けいご,立憲,（比）近畿,1,1988/12/3,ライオン,ひつじ,ひつじ,ペガサス,虎
橋本 幹彦君,はしもと みきひこ,国民,埼玉13,1,1995/12/27,虎,ひつじ,ライオン,ペガサス,ひつじ
長谷川 嘉一君,はせがわ かいち,立憲,（比）北関東,2,1952/11/6,ひつじ,くろひょう,くろひょう,ひつじ,チーター
長谷川 淳二君,はせがわ じゅんじ,自民,愛媛3,2,1968/8/5,くろひょう,くろひょう,チーター,チーター,くろひょう
波多野 翼君,はたの つばさ,立憲,（比）北陸信越,1,1984/11/6,こじか,たぬき,チーター,ペガサス,ひつじ
鳩山 紀一郎君,はとやま きいちろう,国民,（比）東京,1,1976/7/26,くろひょう,子守熊,たぬき,子守熊,子守熊
鳩山 二郎君,はとやま じろう,自民,福岡6,4,1979/1/1,狼,くろひょう,虎,狼,狼
葉梨 康弘君,はなし やすひろ,自民,茨城3,7,1959/10/12,こじか,子守熊,狼,ペガサス,狼
馬場 伸幸君,ばば のぶゆき,維新,大阪17,5,1965/1/27,こじか,ゾウ,ひつじ,ペガサス,ゾウ
馬場 雄基君,ばば ゆうき,立憲,（比）東北,2,1992/10/15,こじか,チーター,ペガサス,チーター,ひつじ
浜田 靖一君,はまだ やすかず,自民,千葉12,11,1955/10/21,ひつじ,ライオン,こじか,ひつじ,チーター
浜地 雅一君,はまち まさかず,公明,（比）九州,5,1970/5/8,ライオン,狼,ひつじ,くろひょう,たぬき
林 佑美君,はやし ゆみ,維新,（比）近畿,2,1981/5/12,猿,ペガサス,虎,猿,虎
林 芳正君,はやし よしまさ,自民,山口3,2（参5）,1961/1/19,たぬき,虎,虎,チーター,ゾウ
原口 一博君,はらぐち かずひろ,立憲,佐賀1,10,1959/7/2,猿,ペガサス,ゾウ,くろひょう,ひつじ
伴野 豊君,ばんの ゆたか,立憲,愛知8,7,1961/1/1,チーター,ゾウ,チーター,ゾウ,ペガサス
日野 紗里亜君,ひの さりあ,国民,愛知7,1,1987/11/26,狼,子守熊,子守熊,子守熊,ペガサス
平井 卓也君,ひらい たくや,自民,（比）四国,9,1958/1/25,たぬき,子守熊,チーター,こじか,ゾウ
平岩 征樹君,ひらいわ まさき,国民,（比）近畿,1,1979/12/25,狼,猿,たぬき,狼,くろひょう
平岡 秀夫君,ひらおか ひでお,立憲,（比）中国,6,1954/1/14,ひつじ,チーター,猿,ひつじ,くろひょう
平口 洋君,ひらぐち ひろし,自民,広島2,6,1948/8/1,たぬき,虎,狼,ひつじ,ライオン
平沢 勝栄君,ひらさわ かつえい,自民,東京17,10,1945/9/4,子守熊,狼,ゾウ,猿,ひつじ
平沼 正二郎君,ひらぬま しょうじろう,自民,（比）中国,2,1979/11/11,ライオン,狼,こじか,ゾウ,虎
平林 晃君,ひらばやし あきら,公明,（比）中国,2,1971/2/2,こじか,虎,ひつじ,ひつじ,こじか
広瀬 建君,ひろせ けん,自民,大分2,1,1974/1/22,くろひょう,虎,くろひょう,虎,くろひょう
深作 ヘスス君,ふかさく へすす,国民,（比）南関東,1,1985/1/4,ライオン,猿,ライオン,ひつじ,ライオン
深澤 陽一君,ふかざわ よういち,自民,（比）東海,3,1976/6/21,ゾウ,たぬき,たぬき,ペガサス,ライオン
福重 隆浩君,ふくしげ たかひろ,公明,（比）北関東,2,1962/5/3,ひつじ,こじか,狼,たぬき,たぬき
福島 伸享君,ふくしま のぶゆき,有志,茨城1,4,1970/8/8,ライオン,ライオン,たぬき,子守熊,ペガサス
福田 徹君,ふくた とおる,国民,愛知16,1,1982/6/2,ライオン,くろひょう,ひつじ,ひつじ,ゾウ
福田 昭夫君,ふくだ あきお,立憲,栃木2,7,1948/4/17,ひつじ,猿,虎,たぬき,ペガサス
福田 かおる君,ふくだ かおる,自民,東京18,1,1985/5/10,虎,猿,ひつじ,猿,猿
福田 玄君,ふくだ げん,国民,（比）中国,1,1981/12/6,ペガサス,虎,ゾウ,ひつじ,ひつじ
福田 淳太君,ふくだ じゅんた,立憲,（比）北陸信越,1,1993/11/3,ひつじ,狼,ゾウ,くろひょう,ゾウ
福田 達夫君,ふくだ たつお,自民,群馬4,5,1967/3/5,猿,くろひょう,たぬき,狼,ペガサス
福原 淳嗣君,ふくはら じゅんじ,自民,（比）東北,1,1967/12/18,狼,くろひょう,たぬき,ひつじ,くろひょう
福森 和歌子君,ふくもり わかこ,立憲,（比）東海,1,1970/1/6,こじか,ひつじ,ゾウ,くろひょう,ライオン
藤井 比早之君,ふじい ひさゆき,自民,兵庫4,5,1971/9/11,猿,狼,狼,くろひょう,ライオン
藤岡 たかお君,ふじおか たかお,立憲,栃木4,2,,-,-,-,-,-
藤田 文武君,ふじた ふみたけ,維新,大阪12,3,1980/12/27,チーター,こじか,ペガサス,ライオン,ペガサス
藤巻 健太君,ふじまき けんた,維新,（比）南関東,2,1983/10/7,ゾウ,くろひょう,ペガサス,狼,子守熊
藤丸 敏君,ふじまる さとし,自民,福岡7,5,1960/1/19,こじか,虎,ペガサス,子守熊,ライオン
藤原 規眞君,ふじわら のりまさ,立憲,愛知10,1,1978/4/3,ライオン,こじか,猿,猿,狼
太 栄志君,ふとり ひでし,立憲,神奈川13,2,1977/4/27,たぬき,ライオン,子守熊,こじか,くろひょう
船田 元君,ふなだ はじめ,自民,栃木1,14,1953/11/22,狼,ひつじ,虎,ゾウ,こじか
古川 直季君,ふるかわ なおき,自民,（比）南関東,2,1968/8/31,ゾウ,子守熊,ゾウ,くろひょう,ペガサス
古川 元久君,ふるかわ もとひさ,国民,愛知2,10,1965/12/6,ゾウ,子守熊,猿,ゾウ,チータ
古川 康君,ふるかわ やすし,自民,（比）九州,4,1958/7/15,ひつじ,狼,たぬき,狼,狼
古川 禎久君,ふるかわ よしひさ,自民,宮崎3,8,1965/8/3,くろひょう,ひつじ,虎,虎,子守熊
古屋 圭司君,ふるや けいじ,自民,岐阜5,12,1952/11/1,くろひょう,チーター,ひつじ,ライオン,ペガサス
穂坂 泰君,ほさか やすし,自民,埼玉4,3,1974/2/17,ゾウ,ひつじ,ゾウ,虎,虎
星野 剛士君,ほしの つよし,自民,（比）南関東,5,1963/8/8,ゾウ,ひつじ,猿,猿,ペガサス
細野 豪志君,ほその ごうし,自民,静岡5,9,1971/8/21,子守熊,猿,ペガサス,猿,虎
堀内 詔子君,ほりうち のりこ,自民,山梨2,5,1965/10/28,ひつじ,ライオン,チーター,ひつじ,チーター
堀川 あきこ君,ほりかわ あきこ,共産,（比）近畿,1,,-,-,-,-,-
本庄 知史君,ほんじょう さとし,立憲,千葉8,2,1974/10/22,ひつじ,子守熊,猿,虎,チーター
本田 太郎君,ほんだ たろう,自民,京都5,3,1973/12/1,チーター,たぬき,こじか,こじか,狼
前原 誠司君,まえはら せいじ,維新,京都2,11,1962/4/30,くろひょう,ひつじ,猿,虎,チーター
牧 義夫君,まき よしお,立憲,愛知4,8,1958/1/14,こじか,ペガサス,ライオン,ゾウ,ゾウ
牧島 かれん君,まきしま かれん,自民,神奈川17,5,1976/11/1,こじか,虎,たぬき,こじか,狼
升田 世喜男君,ますた せきお,立憲,（比）東北,2,1957/6/5,ライオン,子守熊,ゾウ,子守熊,たぬき
松尾 明弘君,まつお あきひろ,立憲,東京7,2,1975/1/25,こじか,たぬき,狼,こじか,ゾウ
松木けんこう君,まつき けんこう,立憲,北海道2,7,1959/2/22,虎,ゾウ,ゾウ,虎,ライオン
松下 玲子君,まつした れいこ,立憲,（比）東京,1,1970/9/26,猿,猿,こじか,猿,ライオン
松島 みどり君,まつしま みどり,自民,東京14,8,1956/7/15,ひつじ,ひつじ,ゾウ,猿,狼
松田 功君,まつだ いさお,立憲,（比）東海,2,1968/1/24,くろひょう,狼,ひつじ,狼,くろひょう
松野 博一君,まつの ひろかず,自民,千葉3,9,1962/9/13,狼,ライオン,ライオン,こじか,ゾウ
松原 仁君,まつばら じん,無,東京26,9,1956/7/31,くろひょう,狼,チーター,くろひょう,子守熊
松本 剛明君,まつもと たけあき,自民,兵庫11,9,1959/4/25,たぬき,ひつじ,狼,ゾウ,虎
松本 尚君,まつもと ひさし,自民,千葉13,2,1962/6/3,ペガサス,猿,子守熊,たぬき,ライオン
松本 洋平君,まつもと ようへい,自民,（比）東京,6,1973/8/31,チーター,狼,ひつじ,くろひょう,たぬき
円 より子君,まどか よりこ,国民,（比）東京,1（参3）,1947/2/10,ペガサス,ライオン,子守熊,子守熊,狼
眞野 哲君,まの さとし,立憲,（比）東海,1,1961/6/14,虎,猿,こじか,猿,くろひょう
馬淵 澄夫君,まぶち すみお,立憲,奈良1,8,1960/8/23,ゾウ,ひつじ,ライオン,猿,ペガサス
三木 圭恵君,みき けえ,維新,（比）近畿,3,1966/7/7,くろひょう,子守熊,ライオン,ペガサス,くろひょう
水沼 秀幸君,みずぬま ひでゆき,立憲,千葉4,1,1990/6/28,ゾウ,チーター,ゾウ,チーター,ライオン
三角 創太君,みすみ そうた,立憲,（比）北関東,1,1987/12/16,ペガサス,狼,子守熊,くろひょう,チーター
三反園 訓君,みたぞの さとし,自民,鹿児島2,2,1958/2/13,狼,ライオン,くろひょう,チーター,チーター
三谷 英弘君,みたに ひでひろ,自民,（比）南関東,4,1976/6/28,子守熊,チーター,ひつじ,ライオン,虎
道下 大樹君,みちした だいき,立憲,北海道1,3,1975/12/24,チーター,たぬき,虎,ペガサス,ペガサス
緑川 貴士君,みどりかわ たかし,立憲,秋田2,3,1985/1/10,ひつじ,猿,ペガサス,猿,くろひょう
美延 映夫君,みのべ てるお,維新,大阪4,3,1961/5/23,ライオン,くろひょう,こじか,ひつじ,ゾウ
御法川 信英君,みのりかわ のぶひで,自民,（比）東北,7,1964/5/25,子守熊,こじか,たぬき,ライオン,子守熊
宮内 秀樹君,みやうち ひでき,自民,福岡4,5,1962/10/19,たぬき,ペガサス,ペガサス,猿,猿
宮川 伸君,みやかわ しん,立憲,（比）南関東,2,1970/6/29,チーター,こじか,たぬき,狼,たぬき
宮崎 政久君,みやざき まさひさ,自民,（比）九州,5,1965/8/8,ペガサス,ゾウ,子守熊,ゾウ,たぬき
宮路 拓馬君,みやじ たくま,自民,（比）九州,4,1979/12/6,狼,くろひょう,くろひょう,チーター,こじか
宮下 一郎君,みやした いちろう,自民,長野5,7,1958/8/1,くろひょう,たぬき,たぬき,虎,ひつじ
向山 淳君,むこうやま じゅん,自民,（比）北海道,1,1983/11/19,チーター,チーター,チーター,ライオン,狼
向山 好一君,むこやま こういち,国民,（比）近畿,2,1957/7/18,たぬき,ペガサス,ライオン,ゾウ,ライオン
武藤 容治君,むとう ようじ,自民,岐阜3,6,1955/10/18,くろひょう,虎,こじか,チーター,たぬき
村井 英樹君,むらい ひでき,自民,埼玉1,5,1980/5/14,虎,狼,チーター,たぬき,ひつじ
村岡 敏英君,むらおか としひで,国民,秋田3,3,1960/7/25,ひつじ,ライオン,チーター,こじか,虎
村上 誠一郎君,むらかみ せいいちろう,自民,（比）四国,13,1952/5/11,虎,虎,たぬき,こじか,ひつじ
村上 智信君,むらかみ とものぶ,維新,福岡11,1,1969/10/9,こじか,虎,猿,こじか,狼
茂木 敏充君,もてぎ としみつ,自民,栃木5,11,1955/10/7,ライオン,こじか,たぬき,たぬき,くろひょう
本村 伸子君,もとむら のぶこ,共産,（比）東海,4,1972/10/20,こじか,ペガサス,チーター,たぬき,ひつじ
森 英介君,もり えいすけ,自民,千葉11,12,1948/8/31,子守熊,狼,狼,くろひょう,虎
森 ようすけ君,もり ようすけ,国民,（比）東京,1,,-,-,-,-,-
森下 千里君,もりした ちさと,自民,（比）東北,1,1981/9/1,狼,チータ,猿,ゾウ,猿
守島 正君,もりしま ただし,維新,大阪2,2,1981/7/15,ひつじ,ゾウ,狼,ゾウ,虎
森田 俊和君,もりた としかず,立憲,埼玉12,3,1974/9/19,子守熊,虎,チーター,虎,ゾウ
森山 裕君,もりやま ひろし,自民,鹿児島4,8（参1）,1945/4/8,たぬき,くろひょう,猿,チーター,虎
森山 浩行君,もりやま ひろゆき,立憲,（比）近畿,4,1971/4/8,こじか,虎,虎,虎,猿
矢崎 堅太郎君,やざき けんたろう,立憲,千葉5,1,1967/9/29,ゾウ,子守熊,たぬき,虎,猿
谷田川 元君,やたがわ はじめ,立憲,（比）南関東,4,1963/1/17,ひつじ,ライオン,ペガサス,子守熊,くろひょう
簗 和生君,やな かずお,自民,栃木3,5,1979/4/22,たぬき,くろひょう,くろひょう,狼,ひつじ
柳沢 剛君,やなぎさわ つよし,立憲,宮城3,1,1963/8/18,ゾウ,狼,猿,狼,ペガサス
八幡 愛君,やはた あい,れ新,（比）近畿,1,1987/7/21,たぬき,たぬき,ペガサス,こじか,ライオン
山 登志浩君,やま としひろ,立憲,（比）北陸信越,1,1979/12/30,猿,たぬき,たぬき,こじか,ひつじ
山岡 達丸君,やまおか たつまる,立憲,北海道9,4,1979/7/22,くろひょう,ペガサス,くろひょう,猿,ひつじ
山川 仁君,やまかわ ひとし,れ新,（比）九州,1,1974/9/24,ゾウ,くろひょう,猿,狼,子守熊
山岸 一生君,やまぎし いっせい,立憲,東京9,2,1981/8/28,子守熊,猿,ゾウ,猿,虎
山際 大志郎君,やまぎわ だいしろう,自民,（比）南関東,7,1968/9/12,ペガサス,ペガサス,狼,くろひょう,くろひょう
山口 俊一君,やまぐち しゅんいち,自民,徳島2,12,1950/2/28,ライオン,ゾウ,ライオン,ゾウ,猿
山口 壯君,やまぐち つよし,自民,兵庫12,8,1954/10/3,チーター,ひつじ,狼,ペガサス,くろひょう
山口 良治君,やまぐち りょうじ,公明,（比）北関東,1,1943/2/15,ライオン,たぬき,ひつじ,ペガサス,猿
山崎 正恭君,やまさき まさやす,公明,（比）四国,2,1971/3/5,ゾウ,ひつじ,狼,虎,虎
山崎 誠君,やまざき まこと,立憲,（比）南関東,4,1962/11/22,チータ,ライオン,猿,チータ,チータ
山下 貴司君,やました たかし,自民,岡山2,5,1965/9/8,ペガサス,たぬき,チーター,子守熊,くろひょう
山田 勝彦君,やまだ かつひこ,立憲,（比）九州,3,1979/7/19,狼,黒ひょう,黒ひょう,たぬき,黒ひょう
山田 賢司君,やまだ けんじ,自民,兵庫7,5,1966/4/20,たぬき,猿,ライオン,猿,ひつじ
山井 和則君,やまのい かずのり,立憲,京都6,9,1962/1/6,くろひょう,たぬき,くろひょう,ペガサス,狼
山花 郁夫君,やまはな いくお,立憲,東京22,5,1967/1/18,たぬき,狼,狼,ゾウ,ゾウ
山本 大地君,やまもと だいち,自民,和歌山1,1,1991/5/28,ライオン,ひつじ,たぬき,虎,たぬき
屋良 朝博君,やら ともひろ,立憲,（比）九州,3,1962/8/22,猿,ひつじ,子守熊,ペガサス,猿
柚木 道義君,ゆのき みちよし,立憲,岡山4,7,1972/5/28,虎,くろひょう,ペガサス,狼,猿
吉川 元君,よしかわ はじめ,立憲,（比）九州,5,1966/9/28,ペガサス,チータ,虎,猿,こじか
吉川 里奈君,よしかわ りな,参政,（比）九州,1,1987/5/25,子守熊,こじか,虎,ライオン,子守熊
吉田 真次君,よしだ しんじ,自民,（比）中国,2,1984/7/6,子守熊,こじか,猿,たぬき,虎
吉田 宣弘君,よしだ のぶひろ,公明,（比）九州,4,1967/12/8,狼,虎,たぬき,子守熊,くろひょう
吉田 はるみ君,よしだ はるみ,立憲,東京8,2,,-,-,-,-,-
米山 隆一君,よねやま りゅういち,立憲,新潟4,2,,-,-,-,-,-
笠 浩史君,りゅう ひろふみ,立憲,神奈川9,8,1965/1/3,ペガサス,虎,たぬき,こじか,ゾウ
若山 慎司君,わかやま しんじ,自民,（比）東海,1,1973/7/15,こじか,虎,たぬき,チーター,こじか
早稲田 ゆき君,わせだ ゆき,立憲,神奈川4,3,,-,-,-,-,-
和田 有一朗君,わだ ゆういちろう,維新,（比）近畿,2,1964/10/23,ひつじ,チーター,くろひょう,狼,チーター
渡辺 周君,わたなべ しゅう,立憲,静岡6,10,1961/12/11,狼,猿,こじか,猿,狼
渡辺 創君,わたなべ そう,立憲,宮崎1,2,1977/10/3,子守熊,狼,狼,狼,ゾウ
鰐淵 洋子君,わにぶち ようこ,公明,（比）近畿,3（参1）,1972/4/10,ひつじ,たぬき,猿,こじか,たぬき
,,,,,,,,,,
,,,,,,,,,,
,,,,,,,,,,
,,,,,,,,,,
,,,,,,3,1,2,4,5